brand,model,image_url,source
Apple,iPhone Duo,https://www.apple.com/th/iphone-duo/images/meta/iphone-duo_overview__bmsaaq50eyaa_og.png?202609150114,เว็บแบรนด์ทางการ (og:image)
Apple,iPhone 18 Pro,https://www.apple.com/v/iphone-18-pro/a/images/meta/iphone-18-pro_overview__bl9no3txkonm_og.png?202609152307,เว็บแบรนด์ทางการ (og:image)
Apple,iPhone Air,https://www.apple.com/v/iphone-air/i/images/meta/iphone-air_overview__dwhg6l117yqa_og.png?202609090344,เว็บแบรนด์ทางการ (og:image)
Apple,iPhone 17,https://www.apple.com/v/iphone-17/f/images/meta/iphone-17_overview__cg0rlzmbhl7m_og.png?202607011758,เว็บแบรนด์ทางการ (og:image)
Apple,iPhone 17e,https://www.apple.com/th/iphone-17e/images/meta/iphone17e_overview__b9tcq8ttub9e_og.png?202609070637,เว็บแบรนด์ทางการ (og:image)
Apple,iPhone 16,https://store.storeimages.cdn-apple.com/1/as-images.apple.com/is/iphone-16-finish-select-202409-6-1inch?wid=1200&hei=630&fmt=jpeg&qlt=95&.v=1724710494468,เว็บแบรนด์ทางการ (og:image)
Samsung,Galaxy S26,https://images.samsung.com/is/image/samsung/p6pim/th/s2602/gallery/th-galaxy-s26-s942-sm-s942bzwqthl-thumb-550886734?$310_N_PNG$,เว็บแบรนด์ทางการ (og:image)
Samsung,Galaxy S26+,https://images.samsung.com/is/image/samsung/p6pim/th/s2602/gallery/th-galaxy-s26-s947-sm-s947bzvcthl-thumb-550879359?$310_N_PNG$,เว็บแบรนด์ทางการ (og:image)
Samsung,Galaxy S26 Ultra,https://images.samsung.com/is/image/samsung/p6pim/th/s2602/gallery/th-galaxy-s26-ultra-s948-578306-sm-s948bzvcthl-thumb-550820180?$310_N_PNG$,เว็บแบรนด์ทางการ (og:image)
Samsung,Galaxy Z Fold8,https://images.samsung.com/is/image/samsung/p6pim/th/f2607/gallery/th-galaxy-z-fold8-f971-sm-f971blvgthl-thumb-553726709?$310_N_PNG$,เว็บแบรนด์ทางการ (og:image)
Samsung,Galaxy Z Fold8 Ultra,https://images.samsung.com/is/image/samsung/p6pim/th/f2607/gallery/th-galaxy-z-fold8-ultra-f976-sm-f976bzvgthl-thumb-553720990?$310_N_PNG$,เว็บแบรนด์ทางการ (og:image)
Samsung,Galaxy Z Flip8,https://images.samsung.com/is/image/samsung/p6pim/th/f2607/gallery/th-galaxy-zflip8-f776-sm-f776bliethl-thumb-553731334?$310_N_PNG$,เว็บแบรนด์ทางการ (og:image)
Samsung,Galaxy A57,https://images.samsung.com/is/image/samsung/assets/th/smartphones/galaxy-a57/buy/A57_5G_PDP_720x4801.jpg?imbypass=true,เว็บแบรนด์ทางการ (og:image)
Xiaomi,Xiaomi 17,https://i02.appmifile.com/492_item_th/27/02/2026/e7de01dea1296dac1e5d5d7bc4c09fa9.png,เว็บแบรนด์ทางการ (og:image)
Xiaomi,Xiaomi 17T,https://i02.appmifile.com/465_operator_sg/26/05/2026/03e7030bfa7d0ae517c4dd13a7ac3d29.png,เว็บแบรนด์ทางการ
Xiaomi,REDMI Note 17 Pro Max 5G,https://i02.appmifile.com/302_item_th/24/08/2026/193868835b38019d71ce2c037cb5eaee.png,เว็บแบรนด์ทางการ (og:image)
Xiaomi,REDMI Note 17 Pro 5G,https://i02.appmifile.com/78_item_th/24/08/2026/d57b1139fe7fc0955c5038bde20006be.png,เว็บแบรนด์ทางการ (og:image)
Xiaomi,REDMI Note 17 5G,https://i02.appmifile.com/685_item_th/24/08/2026/b891c8dd041c417938e3979336431c2d.png,เว็บแบรนด์ทางการ (og:image)
Xiaomi,POCO F9 Ultra,https://i02.appmifile.com/432_item_th/25/08/2026/a6f19b16d401c4dfb6a8034902c5cdb4.png,เว็บแบรนด์ทางการ (og:image)
Xiaomi,POCO F9 Pro,https://i02.appmifile.com/384_item_th/25/08/2026/cfebce483c9a851fcb50d7f584411938.png,เว็บแบรนด์ทางการ (og:image)
Xiaomi,POCO M8s 5G,https://i02.appmifile.com/586_item_th/25/08/2026/2a1e0de696fbb5e01b2561627f510a76.png,เว็บแบรนด์ทางการ (og:image)
Xiaomi,POCO C81 Pro,https://i02.appmifile.com/351_operator_sg/31/03/2026/b56965676b895308dacfc9d7048a9bcb.png,เว็บแบรนด์ทางการ
OPPO,Find N6,https://www.oppo.com/content/dam/oppo_com/common/mkt/v2-2/find-n6-en/list-page/442-600-orange.png,เว็บแบรนด์ทางการ (og:image)
OPPO,Find X9 Ultra,https://opsg-imgcdn-sg.heytapimg.com/epb/202604/15/Ob56h6DmtcHhx4mb.png,เว็บแบรนด์ทางการ (og:image)
OPPO,Find X9s,https://opsg-imgcdn-sg.heytapimg.com/epb/202605/27/bs55MOKcxgZNBX6t.png,เว็บแบรนด์ทางการ (og:image)
OPPO,Find X9,https://www.oppo.com/content/dam/oppo/common/mkt/v2-2/find-x9-series-en/listpage/find-x9/480-600-titanium-v2.png,เว็บแบรนด์ทางการ (og:image)
OPPO,Find X9 Pro,https://www.oppo.com/content/dam/oppo/common/mkt/v2-2/find-x9-series-en/listpage/find-x9-pro/480-600-white-v2.png,เว็บแบรนด์ทางการ (og:image)
OPPO,Find X8 Pro,https://www.oppo.com/content/dam/oppo/common/mkt/v2-2/find-x8-series-en/find-x8-pro/listpage/432-600-black.png,เว็บแบรนด์ทางการ (og:image)
OPPO,Find X8,https://www.oppo.com/content/dam/oppo/common/mkt/v2-2/find-x8-series-en/find-x8/listpage/436-600-white-v2.png,เว็บแบรนด์ทางการ (og:image)
OPPO,Reno16 Pro 5G,https://opsg-imgcdn-sg.heytapimg.com/media/202609/11/d30b74f2ce44057dda12374730ba2e0f.jpg,เว็บแบรนด์ทางการ (og:image)
OPPO,Reno16 5G,https://opsg-imgcdn-sg.heytapimg.com/media/202609/11/4452dd8697b6cf32f5c245bd104a6129.jpg,เว็บแบรนด์ทางการ (og:image)
OPPO,Reno16 F 5G,https://opsg-imgcdn-sg.heytapimg.com/media/202609/11/d2be2c32ab79094ec40c3844014c5733.jpg,เว็บแบรนด์ทางการ (og:image)
OPPO,Reno15 5G,https://opsg-imgcdn-sg.heytapimg.com/epb/202603/13/YQKi1wioEiJD0Bgx.jpg,เว็บแบรนด์ทางการ (og:image)
OPPO,A7 Pro Max 5G,https://www.oppo.com/content/dam/oppo_com/common/mkt/v2-2/oppo-a7-pro-serice-en/list-page/a7-pro-max/480-600-blue.png,เว็บแบรนด์ทางการ (og:image)
OPPO,A7 Pro 5G,https://www.oppo.com/content/dam/oppo_com/common/mkt/v2-2/oppo-a7-pro-serice-en/list-page/a7-pro/480-600-blue.png,เว็บแบรนด์ทางการ (og:image)
OPPO,A6s 5G,https://opsg-imgcdn-sg.heytapimg.com/epb/202603/24/TwVpbYnJXAauElYv.png,เว็บแบรนด์ทางการ (og:image)
OPPO,A6,https://opsg-imgcdn-sg.heytapimg.com/epb/202601/06/dLArTG4nujCVAnSg.jpg,เว็บแบรนด์ทางการ (og:image)
OPPO,A6x,https://opsg-imgcdn-sg.heytapimg.com/epb/202601/06/aI8xCLkhOtCWZNXo.jpg,เว็บแบรนด์ทางการ (og:image)
vivo,X300 Pro,https://asia-exstatic-vivofs.vivo.com/PSee2l50xoirPK7y/1764242161215/b78ad62e90ab216691c2b74c62f4a951.png,เว็บแบรนด์ทางการ (shop.vivo.com/th)
vivo,X300 Ultra,https://asia-exshopstatic-vivofs.vivo.com/KuCZNhz3cVxH4yrP/th/1779339072556/6591bdd780a51e60c8ca5c8416287dfa.jpg,เว็บแบรนด์ทางการ
vivo,X300,https://asia-exstatic-vivofs.vivo.com/PSee2l50xoirPK7y/1764242248415/3c0f8b4906187515d3baeb3f1cef1240.png,เว็บแบรนด์ทางการ (shop.vivo.com/th)
vivo,X Fold5,https://asia-exstatic-vivofs.vivo.com/PSee2l50xoirPK7y/1758006812797/b66d661d2c7b411fd9451e5416f5dccf.jpg,เว็บแบรนด์ทางการ
iQOO,iQOO 15,https://asia-exshopstatic-vivofs.vivo.com/KuCZNhz3cVxH4yrP/th/1764733037701/b9e1934e344e32f252a3e9b5c4282279.png_w860-h860.webp,เว็บแบรนด์ทางการ (shop.vivo.com/th)
iQOO,iQOO 15R,https://asia-exshopstatic-vivofs.vivo.com/KuCZNhz3cVxH4yrP/th/1773976732696/ce02fd3ab228508dcc66db37bfefd208.png_w860-h860.webp,เว็บแบรนด์ทางการ (shop.vivo.com/th)
iQOO,iQOO Neo 10 5G,https://asia-exshopstatic-vivofs.vivo.com/KuCZNhz3cVxH4yrP/th/1787629328620/1761e4f824bcef34822d5c7b9059389e.png_w860-h860.webp,เว็บแบรนด์ทางการ (shop.vivo.com/th)
iQOO,iQOO Z11,https://asia-exshopstatic-vivofs.vivo.com/KuCZNhz3cVxH4yrP/th/1780914938397/a9bdb49df6e9b07aa654ea6b4f429cf0.png_w860-h860.webp,เว็บแบรนด์ทางการ (shop.vivo.com/th)
iQOO,iQOO Z11x,https://asia-exshopstatic-vivofs.vivo.com/KuCZNhz3cVxH4yrP/th/1780640854765/ca152b00c34e0a97407568424a702f74.png_w860-h860.webp,เว็บแบรนด์ทางการ (shop.vivo.com/th)
realme,realme 16 Pro+ 5G,https://image01.realme.net/general/20260316/177365948708630dc395be61a403cab1a716d4a877eb3.webp,เว็บแบรนด์ทางการ
realme,realme 16 Pro 5G,https://image01.realme.net/general/20260319/1773891696295a06e7d3903e84ce7890af732e2a13aa2.webp,เว็บแบรนด์ทางการ
realme,realme 16 5G,https://image01.realme.net/general/20260319/1773891717827ed21c5d8b19f46ec8402b4b76cc4049f.png,เว็บแบรนด์ทางการ
realme,realme P4 Power 5G,https://image01.realme.net/general/20260602/1780397257720a1418849727440d386626bd56ce6c470.webp,เว็บแบรนด์ทางการ
realme,realme 15 Pro 5G,https://image01.realme.net/general/20250918/1758189318571572f64b2b2ff439d938a134f72326dd5.png,เว็บแบรนด์ทางการ
realme,realme 15T,https://image01.realme.net/general/20250918/1758190158941fe690587d5fc45adbbd1825bf4f603a9.png,เว็บแบรนด์ทางการ
realme,realme GT 7,https://image01.realme.net/general/20250527/17483420430301f1f6b92b1c44a5c89274fcd513b1561.png,เว็บแบรนด์ทางการ
realme,realme C100 5G,https://image01.realme.net/general/20260403/1775202667870f4d5e7e4f63e4ad6b59aed33ea3f77a8.png,เว็บแบรนด์ทางการ
realme,realme C85 5G,https://image01.realme.net/general/20251126/17641249326131d9f0795ed7842738f92ce9b0b38e7da.webp,เว็บแบรนด์ทางการ
Infinix,Infinix NOTE 60 Pro 5G,https://media-cdn.bnn.in.th/575307/infinix-smartphone-note-60-pro-8256-mist-titanium-5g-01.jpg,BaNANA (ร้านทางการ)
Infinix,Infinix GT 50 Pro 5G,https://media-cdn.bnn.in.th/607572/infinix-smartphone-gt-50-pro-12256-black-abyss-5g-01.jpg,BaNANA (ร้านทางการ)
Infinix,Infinix NOTE Edge 5G,https://media-cdn.bnn.in.th/575411/infinix-smartphone-note-edge-8256-stellar-blue-5g-01.jpg,BaNANA (ร้านทางการ)
Infinix,Infinix GT 30 5G,https://media-cdn.bnn.in.th/540507/infinix-smartphone-gt-30-8256-blade-white-5g-01.jpg,BaNANA (ร้านทางการ)
Infinix,Infinix Hot 70,https://media-cdn.bnn.in.th/608057/infinix-smartphone-hot70-6128-thermo-orange-03-square_medium.jpg,BaNANA (ร้านทางการ)
Infinix,Infinix SMART 20,https://media-cdn.bnn.in.th/627228/infinix-smartphone-smart20-4128-sunlike-orange-4894947116629-01.jpg,BaNANA (ร้านทางการ)
TECNO,POVA 8 Pro 5G,https://media-cdn.bnn.in.th/615062/tecno-smartphone-pova-8-pro-12256-graphite-black-5g-01.jpg,BaNANA (ร้านทางการ)
TECNO,POVA 8 Pro 5G Tonino Lamborghini Limited Edition,https://media-cdn.bnn.in.th/631910/tecno-smartphone-pova-8-pro-12256gb-lamborghini-black-5g-f-4894947137761-10.jpg,BaNANA (ร้านทางการ)
TECNO,POVA 8 5G,,
TECNO,POVA 7 Ultra 5G,https://d13pvy8xd75yde.cloudfront.net/phones/pova7ultra5g_lj9/banner/20250625-112947.png,เว็บแบรนด์ทางการ
TECNO,POVA 7 5G,,
TECNO,SPARK 50 5G,https://media-cdn.bnn.in.th/611220/tecno-smartphone-spark-50-6128gb-mint-green-5g-01.jpg,BaNANA (ร้านทางการ)
TECNO,Spark 50C,https://media-cdn.bnn.in.th/642018/tecno-smartphone-spark-50c-27.jpg,BaNANA (ร้านทางการ)
TECNO,SPARK 40 Pro,https://d13pvy8xd75yde.cloudfront.net/global/phones/spark-40-pro/assets/images-kv-6-phone-pc-1.jpg.webp,เว็บแบรนด์ทางการ
TECNO,SPARK 40 5G,https://d13pvy8xd75yde.cloudfront.net/global/spark-40-5g/detail/en/assets/images-kv-8n-phone-pc-1.jpg,เว็บแบรนด์ทางการ
TECNO,SPARK Go 3,https://media-cdn.bnn.in.th/589182/tecno-smartphone-spark-go3-4128gb-galaxy-blue-01.jpg,BaNANA (ร้านทางการ)
HONOR,HONOR Magic V6,https://www-file.honor.com/content/dam/honor/common/product-list/product-series/honor-magic-v6/honor-magic-v6-red-pc-id-pc-left.png,เว็บแบรนด์ทางการ
HONOR,HONOR Magic8 Pro,https://www-file.honor.com/content/dam/honor/common/product-list/product-series/honor-magic8-pro/magic8-pro-id-gold-back.png,เว็บแบรนด์ทางการ
HONOR,HONOR 600 Pro,https://www-file.honor.com/content/dam/honor/common/product-list/product-series/honor-600-pro/honor-600-pro-id-white-back.png,เว็บแบรนด์ทางการ
HONOR,HONOR 600,https://www-file.honor.com/content/dam/honor/common/product-list/product-series/honor-600/honor-600-id-orange-back.png,เว็บแบรนด์ทางการ
HONOR,HONOR 600 Lite,https://www-file.honor.com/content/dam/honor/common/product-list/product-series/honor-600-lite/honor-600-lite-id-green-back.png,เว็บแบรนด์ทางการ
HONOR,HONOR X9d,https://www-file.honor.com/content/dam/honor/common/product-list/product-series/honor-x9d/honor-x9d-red-back.png,เว็บแบรนด์ทางการ
HONOR,HONOR X7e,https://www-file.honor.com/content/dam/honor/common/product-list/product-series/honor-x7e/honor-x7e-orange-back.png,เว็บแบรนด์ทางการ
HONOR,HONOR X6e,https://www-file.honor.com/content/dam/honor/common/product-list/product-series/honor-x6e/honor-x6e-id-gold-back.png,เว็บแบรนด์ทางการ
HONOR,HONOR Play10,https://www-file.honor.com/content/dam/honor/common/product-list/product-series/honor-play10/honor-play10-green-back.png,เว็บแบรนด์ทางการ
