brand,model,price_thb,updated,source
Apple,iPhone Duo,79900,2026-10-04,"apple.com/th/shop 256GB; 512GB 87,900 / 1TB 103,900 / 2TB 127,900"
Apple,iPhone 18 Pro,48900,2026-10-04,"apple.com/th/shop 256GB; 512GB 56,900 / 1TB 72,900 / 2TB 96,900"
Apple,iPhone Air,43900,2026-10-04,"apple.com/th/shop 256GB; 512GB 51,900 / 1TB 67,900"
Apple,iPhone 17,34900,2026-10-04,"apple.com/th/shop 256GB; 512GB 42,900"
Apple,iPhone 17e,26900,2026-10-04,"apple.com/th/shop 256GB; 512GB 34,900"
Apple,iPhone 16,30900,2026-10-04,apple.com/th/shop 128GB
Samsung,Galaxy S26,38900,2026-10-04,"samsung.com/th 12/256; 12/512 46,900"
Samsung,Galaxy S26+,45900,2026-10-04,"samsung.com/th 12/256; 12/512 53,900"
Samsung,Galaxy S26 Ultra,50900,2026-10-04,"samsung.com/th 12/256; 12/512 58,900; 16/1TB ไม่แสดงราคา"
Samsung,Galaxy Z Fold8,61900,2026-10-04,"samsung.com/th 12/256; 12/512 69,900 / 16/1TB 85,900"
Samsung,Galaxy Z Fold8 Ultra,69900,2026-10-04,"samsung.com/th 12/256; 12/512 77,900 / 16/1TB 93,900"
Samsung,Galaxy Z Flip8,42900,2026-10-04,"samsung.com/th 12/256; 12/512 50,900"
Samsung,Galaxy A57,19999,2026-10-04,"samsung.com/th 8/256; 12/256 22,999 / 512GB 27,999"
Xiaomi,Xiaomi 17,29990,2026-10-04,"mi.com/th ราคาเริ่มต้นที่แสดง (ขีดฆ่า 35,988)"
Xiaomi,Xiaomi 17T,21999,2026-10-04,"mi.com/th ราคาเริ่มต้นที่แสดง (ขีดฆ่า 26,399)"
Xiaomi,REDMI Note 17 Pro Max 5G,18599,2026-10-04,"mi.com/th (ขีดฆ่า 22,319)"
Xiaomi,REDMI Note 17 Pro 5G,15499,2026-10-04,"mi.com/th (ขีดฆ่า 18,599)"
Xiaomi,REDMI Note 17 5G,11999,2026-10-04,"mi.com/th (ขีดฆ่า 14,399)"
Xiaomi,POCO F9 Ultra,36990,2026-10-04,"mi.com/th (ขีดฆ่า 39,990)"
Xiaomi,POCO F9 Pro,24990,2026-10-04,"mi.com/th (ขีดฆ่า 27,990)"
Xiaomi,POCO M8s 5G,8499,2026-10-04,"mi.com/th (ขีดฆ่า 10,799)"
Xiaomi,POCO C81 Pro,5099,2026-10-04,"mi.com/th (ขีดฆ่า 6,599)"
OPPO,Find N6,79999,2026-10-05,ราคาเปิดตัวไทย 16/512 (droidsans มี.ค. 2026) ไม่พบราคาบนร้านทางการ
OPPO,Find X9 Ultra,49999,2026-10-04,"oppo.com/th 12/512; 16/1TB 54,999"
OPPO,Find X9s,31999,2026-10-04,"oppo.com/th 12/256; 12/512 34,999"
OPPO,Find X9,29999,2026-10-04,"bnn.in.th (ร้านทางการ) 12/256 ราคาปกติ (โปร 27,999)"
OPPO,Find X9 Pro,42999,2026-10-04,bnn.in.th (ร้านทางการ) 16/512
OPPO,Find X8 Pro,39999,2026-10-04,bnn.in.th (ร้านทางการ) 16/512 (สถานะ Coming Soon)
OPPO,Find X8,29999,2026-10-04,bnn.in.th (ร้านทางการ) 12/256 (สถานะ พร้อมจำหน่ายเร็วๆ นี้)
OPPO,Reno16 Pro 5G,29999,2026-10-04,"oppo.com/th 12/256 ราคาปกติ (โปร 27,999)"
OPPO,Reno16 5G,18999,2026-10-04,"oppo.com/th 8/256; 12/256 19,999"
OPPO,Reno16 F 5G,15999,2026-10-04,"oppo.com/th 8/128; 8/256 16,999"
OPPO,Reno15 5G,18999,2026-10-04,oppo.com/th
OPPO,A7 Pro Max 5G,,,
OPPO,A7 Pro 5G,,,
OPPO,A6s 5G,11999,2026-10-04,oppo.com/th 8/256
OPPO,A6,6499,2026-10-04,"oppo.com/th 6/128; 8/128 7,999"
OPPO,A6x,8499,2026-10-04,"oppo.com/th 4/128 (ราคาที่ 2 = 8,999 ไม่ชัดว่าเป็นราคาปกติหรือรุ่นย่อย)"
vivo,X300 Pro,36999,2026-10-05,"shop.vivo.com/th 12/256; 16/512 39,999"
vivo,X300 Ultra,54999,2026-10-05,"shop.vivo.com/th 16/512; 16/1TB 64,999 (ข่าวเปิดตัว thansettakij)"
vivo,X300,29999,2026-10-05,"shop.vivo.com/th 12/256 (ราคาร้านทางการ ลดจากราคาเปิดตัว 31,999); 16/512 32,999"
vivo,X Fold5,59999,2026-10-05,shop.vivo.com/th 16/512
iQOO,iQOO 15,32900,2026-10-05,shop.vivo.com/th (iQOO) 12/256
iQOO,iQOO 15R,25900,2026-10-05,"shop.vivo.com/th (iQOO) 12/256; 12/512 29,900"
iQOO,iQOO Neo 10 5G,17900,2026-10-05,shop.vivo.com/th (iQOO) 8/256
iQOO,iQOO Z11,15900,2026-10-05,"shop.vivo.com/th (iQOO) 8/256; 12/256 17,900"
iQOO,iQOO Z11x,10900,2026-10-05,"shop.vivo.com/th (iQOO) 8/128; 8/256 12,900"
realme,realme 16 Pro+ 5G,17499,2026-10-05,realme.com/th ราคาเริ่มต้น 12/256
realme,realme 16 Pro 5G,16999,2026-10-05,realme.com/th 12/256
realme,realme 16 5G,13999,2026-10-05,"realme.com/th 8/256 (หน้าสเปกแสดง 11,999 อาจเป็นโปร)"
realme,realme P4 Power 5G,16999,2026-10-05,realme.com/th 12/256
realme,realme 15 Pro 5G,14999,2026-10-05,realme.com/th ราคาเริ่มต้น
realme,realme 15T,9999,2026-10-05,realme.com/th ราคาเริ่มต้น
realme,realme GT 7,22999,2026-10-05,realme.com/th 12/512
realme,realme C100 5G,6999,2026-10-05,realme.com/th ราคาเริ่มต้น 4/128
realme,realme C85 5G,7999,2026-10-05,realme.com/th ราคาเริ่มต้น
Infinix,Infinix NOTE 60 Pro 5G,11399,2026-10-05,"bnn.in.th (BaNANA ร้านทางการ) 8/256 (ราคาปกติ 11,999); 12/256 12,399"
Infinix,Infinix GT 50 Pro 5G,15399,2026-10-05,"bnn.in.th (BaNANA ร้านทางการ) 12/256 (ราคาปกติ 15,999)"
Infinix,Infinix NOTE Edge 5G,7199,2026-10-05,"bnn.in.th (BaNANA ร้านทางการ) 8/128 (ราคาปกติ 7,499); 8/256 8,079"
Infinix,Infinix GT 30 5G,7799,2026-10-05,"bnn.in.th (BaNANA ร้านทางการ) 8/256 (ราคาปกติ 8,499) สินค้าหมดชั่วคราว"
Infinix,Infinix Hot 70,5559,2026-10-05,"bnn.in.th (BaNANA ร้านทางการ) 4/128 (ราคาปกติ 5,799)"
Infinix,Infinix SMART 20,3819,2026-10-05,"bnn.in.th (BaNANA ร้านทางการ) 4/64 (ราคาปกติ 3,999)"
TECNO,POVA 8 Pro 5G,14999,2026-10-05,"bnn.in.th (BaNANA ร้านทางการ) ราคาเริ่มต้น; 12/256 16,999"
TECNO,POVA 8 Pro 5G Tonino Lamborghini Limited Edition,15999,2026-10-05,"bnn.in.th (BaNANA ร้านทางการ) ราคาเริ่มต้น; 12/512 19,999"
TECNO,POVA 8 5G,9999,2026-10-05,bnn.in.th (BaNANA ร้านทางการ) 6/128
TECNO,POVA 7 Ultra 5G,12999,2026-10-05,"bnn.in.th (BaNANA ร้านทางการ) 12/256 (ราคาปกติ 13,999)"
TECNO,POVA 7 5G,7999,2026-10-05,bnn.in.th (BaNANA ร้านทางการ) 8/256
TECNO,SPARK 50 5G,6999,2026-10-05,"bnn.in.th (BaNANA ร้านทางการ) ราคาเริ่มต้น; 6/128 7,499"
TECNO,Spark 50C,5999,2026-10-05,bnn.in.th (BaNANA ร้านทางการ) 4/128
TECNO,SPARK 40 Pro,6499,2026-10-05,"bnn.in.th (BaNANA ร้านทางการ) 8/256 (ราคาปกติ 6,999)"
TECNO,SPARK 40 5G,4299,2026-10-05,bnn.in.th (BaNANA ร้านทางการ) 4/128
TECNO,SPARK Go 3,3799,2026-10-05,"bnn.in.th (BaNANA ร้านทางการ) ราคาเริ่มต้น; 4/128 4,299"
HONOR,HONOR Magic V6,67999,2026-10-05,ราคาเปิดตัวไทย 16/512 (thansettakij) ไม่พบราคารุ่นเริ่มต้น
HONOR,HONOR Magic8 Pro,39990,2026-10-05,siamphone.com (รายการราคาไทย ไม่ใช่ร้านทางการ)
HONOR,HONOR 600 Pro,29999,2026-10-05,siamphone.com (รายการราคาไทย ไม่ใช่ร้านทางการ)
HONOR,HONOR 600,19999,2026-10-05,siamphone.com (รายการราคาไทย ไม่ใช่ร้านทางการ)
HONOR,HONOR 600 Lite,13999,2026-10-05,siamphone.com (รายการราคาไทย ไม่ใช่ร้านทางการ)
HONOR,HONOR X9d,11990,2026-10-05,siamphone.com (รายการราคาไทย ไม่ใช่ร้านทางการ)
HONOR,HONOR X7e,,,
HONOR,HONOR X6e,,,
HONOR,HONOR Play10,,,
